{"cameraMode":{"drawMode":0,"name":"Shaded","section":"Shading Mode"},"sceneLighting":true,"audioPlay":false,"sceneViewState":{"showFog":true,"showMaterialUpdate":true,"showSkybox":true,"showFlares":true,"showImageEffects":true,"showParticleSystems":true},"in2DMode":false,"pivot":{"x":-230.165283203125,"y":-533.8635864257813,"z":2886.42236328125},"rotation":{"x":-0.14168213307857514,"y":0.09398755431175232,"z":-0.013514550402760506,"w":-0.9853495955467224},"size":4048.224853515625,"orthographic":false}