{"cameraMode":{"drawMode":0,"name":"Shaded","section":"Shading Mode"},"sceneLighting":true,"audioPlay":false,"sceneViewState":{"showFog":true,"showMaterialUpdate":true,"showSkybox":true,"showFlares":true,"showImageEffects":true,"showParticleSystems":true},"in2DMode":false,"pivot":{"x":-714.753173828125,"y":-462.071533203125,"z":2436.217041015625},"rotation":{"x":-0.15113472938537599,"y":0.2368169128894806,"z":-0.03732144460082054,"w":-0.9590038061141968},"size":3964.599853515625,"orthographic":false}