{"cameraMode":{"drawMode":0,"name":"Shaded","section":"Shading Mode"},"sceneLighting":true,"audioPlay":false,"sceneViewState":{"showFog":true,"showMaterialUpdate":true,"showSkybox":true,"showFlares":true,"showImageEffects":true,"showParticleSystems":true},"in2DMode":false,"pivot":{"x":1.9414458274841309,"y":-0.7882704734802246,"z":2.391709089279175},"rotation":{"x":0.5525925755500794,"y":0.19668377935886384,"z":-0.13612386584281922,"w":0.7984392046928406},"size":7.974815845489502,"orthographic":false}