{"cameraMode":{"drawMode":0,"name":"Shaded","section":"Shading Mode"},"sceneLighting":true,"audioPlay":false,"sceneViewState":{"showFog":true,"showMaterialUpdate":true,"showSkybox":true,"showFlares":true,"showImageEffects":true,"showParticleSystems":true},"in2DMode":false,"pivot":{"x":16.961284637451173,"y":-10.769740104675293,"z":17.463315963745118},"rotation":{"x":0.20318172872066499,"y":0.3843100368976593,"z":-0.08710365742444992,"w":0.8963860869407654},"size":36.11980056762695,"orthographic":false}