{"cameraMode":{"drawMode":0,"name":"Shaded","section":"Shading Mode"},"sceneLighting":true,"audioPlay":false,"sceneViewState":{"showFog":true,"showMaterialUpdate":true,"showSkybox":true,"showFlares":true,"showImageEffects":true,"showParticleSystems":true},"in2DMode":false,"pivot":{"x":5.793838024139404,"y":0.907766580581665,"z":3.038686752319336},"rotation":{"x":0.12084385752677918,"y":0.6508663892745972,"z":-0.10593754053115845,"w":0.7420414686203003},"size":11.308809280395508,"orthographic":false}